{
  "generated_at_epoch": 1771605148.160881,
  "n_trials": 528,
  "best_trial": {
    "trial": 241,
    "k": 1400,
    "r": 5e-06,
    "neighbor_mode": 4,
    "min_dense_points": NaN,
    "runtime_sec": 0.0257330000167712,
    "total_points": 86951,
    "coverage_ratio": 1.0,
    "noise_ratio": 0.0,
    "n_clusters": 487,
    "effective_ports": 104,
    "largest_cluster_points": 17616,
    "largest_cluster_share": 0.2025968649009212,
    "mean_cluster_points": 178.5441478439425,
    "median_cluster_points": 22.0,
    "edge_count": 1064,
    "transition_count": 6380,
    "score": 0.7370578789146576,
    "rss_mb": 526.3203125
  },
  "top_10": [
    {
      "trial": 241,
      "k": 1400,
      "r": 5e-06,
      "neighbor_mode": 4,
      "min_dense_points": NaN,
      "runtime_sec": 0.0257330000167712,
      "total_points": 86951,
      "coverage_ratio": 1.0,
      "noise_ratio": 0.0,
      "n_clusters": 487,
      "effective_ports": 104,
      "largest_cluster_points": 17616,
      "largest_cluster_share": 0.2025968649009212,
      "mean_cluster_points": 178.5441478439425,
      "median_cluster_points": 22.0,
      "edge_count": 1064,
      "transition_count": 6380,
      "score": 0.7370578789146576,
      "rss_mb": 526.3203125
    },
    {
      "trial": 243,
      "k": 1400,
      "r": 1e-05,
      "neighbor_mode": 4,
      "min_dense_points": NaN,
      "runtime_sec": 0.0261506999959237,
      "total_points": 86951,
      "coverage_ratio": 1.0,
      "noise_ratio": 0.0,
      "n_clusters": 487,
      "effective_ports": 104,
      "largest_cluster_points": 17616,
      "largest_cluster_share": 0.2025968649009212,
      "mean_cluster_points": 178.5441478439425,
      "median_cluster_points": 22.0,
      "edge_count": 1064,
      "transition_count": 6380,
      "score": 0.7370380367529688,
      "rss_mb": 525.3828125
    },
    {
      "trial": 241,
      "k": 1400,
      "r": 5e-06,
      "neighbor_mode": "4",
      "min_dense_points": NaN,
      "runtime_sec": 0.03325130001758225,
      "total_points": 86951,
      "coverage_ratio": 1.0,
      "noise_ratio": 0.0,
      "n_clusters": 487,
      "effective_ports": 104,
      "largest_cluster_points": 17616,
      "largest_cluster_share": 0.20259686490092121,
      "mean_cluster_points": 178.5441478439425,
      "median_cluster_points": 22.0,
      "edge_count": 1064,
      "transition_count": 6380,
      "score": 0.7367031885691905,
      "rss_mb": 519.30078125
    },
    {
      "trial": 243,
      "k": 1400,
      "r": 1e-05,
      "neighbor_mode": "4",
      "min_dense_points": NaN,
      "runtime_sec": 0.034360799996647984,
      "total_points": 86951,
      "coverage_ratio": 1.0,
      "noise_ratio": 0.0,
      "n_clusters": 487,
      "effective_ports": 104,
      "largest_cluster_points": 17616,
      "largest_cluster_share": 0.20259686490092121,
      "mean_cluster_points": 178.5441478439425,
      "median_cluster_points": 22.0,
      "edge_count": 1064,
      "transition_count": 6380,
      "score": 0.7366512823628356,
      "rss_mb": 519.39453125
    },
    {
      "trial": 245,
      "k": 1400,
      "r": 2e-05,
      "neighbor_mode": 4,
      "min_dense_points": NaN,
      "runtime_sec": 0.0271184000011999,
      "total_points": 86951,
      "coverage_ratio": 0.9990569401156972,
      "noise_ratio": 0.0009430598843026,
      "n_clusters": 464,
      "effective_ports": 103,
      "largest_cluster_points": 17616,
      "largest_cluster_share": 0.2027881062289194,
      "mean_cluster_points": 187.2176724137931,
      "median_cluster_points": 25.0,
      "edge_count": 1025,
      "transition_count": 6377,
      "score": 0.7356050176863874,
      "rss_mb": 526.0625
    },
    {
      "trial": 245,
      "k": 1400,
      "r": 2e-05,
      "neighbor_mode": "4",
      "min_dense_points": NaN,
      "runtime_sec": 0.034796299994923174,
      "total_points": 86951,
      "coverage_ratio": 0.9990569401156973,
      "noise_ratio": 0.000943059884302655,
      "n_clusters": 464,
      "effective_ports": 103,
      "largest_cluster_points": 17616,
      "largest_cluster_share": 0.2027881062289194,
      "mean_cluster_points": 187.2176724137931,
      "median_cluster_points": 25.0,
      "edge_count": 1025,
      "transition_count": 6377,
      "score": 0.7352438265544461,
      "rss_mb": 523.2109375
    },
    {
      "trial": 247,
      "k": 1400,
      "r": 3e-05,
      "neighbor_mode": 4,
      "min_dense_points": NaN,
      "runtime_sec": 0.0267817999992985,
      "total_points": 86951,
      "coverage_ratio": 0.9976768524801324,
      "noise_ratio": 0.0023231475198675,
      "n_clusters": 437,
      "effective_ports": 102,
      "largest_cluster_points": 17616,
      "largest_cluster_share": 0.2030686232694325,
      "mean_cluster_points": 198.51029748283756,
      "median_cluster_points": 28.0,
      "edge_count": 996,
      "transition_count": 6321,
      "score": 0.7341111953175324,
      "rss_mb": 527.44921875
    },
    {
      "trial": 247,
      "k": 1400,
      "r": 3e-05,
      "neighbor_mode": "4",
      "min_dense_points": NaN,
      "runtime_sec": 0.03190030000405386,
      "total_points": 86951,
      "coverage_ratio": 0.9976768524801325,
      "noise_ratio": 0.0023231475198675078,
      "n_clusters": 437,
      "effective_ports": 102,
      "largest_cluster_points": 17616,
      "largest_cluster_share": 0.2030686232694325,
      "mean_cluster_points": 198.51029748283753,
      "median_cluster_points": 28.0,
      "edge_count": 996,
      "transition_count": 6321,
      "score": 0.7338696510074223,
      "rss_mb": 524.31640625
    },
    {
      "trial": 249,
      "k": 1400,
      "r": 5e-05,
      "neighbor_mode": 4,
      "min_dense_points": NaN,
      "runtime_sec": 0.0251250000146683,
      "total_points": 86951,
      "coverage_ratio": 0.9941806304700348,
      "noise_ratio": 0.0058193695299652,
      "n_clusters": 401,
      "effective_ports": 101,
      "largest_cluster_points": 17616,
      "largest_cluster_share": 0.2037827520388686,
      "mean_cluster_points": 215.57356608478804,
      "median_cluster_points": 34.0,
      "edge_count": 931,
      "transition_count": 6238,
      "score": 0.7320687863949891,
      "rss_mb": 528.05859375
    },
    {
      "trial": 249,
      "k": 1400,
      "r": 5e-05,
      "neighbor_mode": "4",
      "min_dense_points": NaN,
      "runtime_sec": 0.031124400004046038,
      "total_points": 86951,
      "coverage_ratio": 0.9941806304700348,
      "noise_ratio": 0.0058193695299652015,
      "n_clusters": 401,
      "effective_ports": 101,
      "largest_cluster_points": 17616,
      "largest_cluster_share": 0.20378275203886864,
      "mean_cluster_points": 215.57356608478804,
      "median_cluster_points": 34.0,
      "edge_count": 931,
      "transition_count": 6238,
      "score": 0.7317850010700617,
      "rss_mb": 523.66015625
    }
  ]
}