{
  "generated_at_epoch": 1771604984.100638,
  "n_trials": 264,
  "best_trial": {
    "trial": 241,
    "k": 1400,
    "r": 5e-06,
    "neighbor_mode": "4",
    "min_dense_points": null,
    "runtime_sec": 0.025733000016771257,
    "total_points": 86951,
    "coverage_ratio": 1.0,
    "noise_ratio": 0.0,
    "n_clusters": 487,
    "effective_ports": 104,
    "largest_cluster_points": 17616,
    "largest_cluster_share": 0.20259686490092121,
    "mean_cluster_points": 178.5441478439425,
    "median_cluster_points": 22.0,
    "edge_count": 1064,
    "transition_count": 6380,
    "score": 0.7370578789146576,
    "rss_mb": 526.3203125
  },
  "top_10": [
    {
      "trial": 241,
      "k": 1400,
      "r": 5e-06,
      "neighbor_mode": "4",
      "min_dense_points": null,
      "runtime_sec": 0.025733000016771257,
      "total_points": 86951,
      "coverage_ratio": 1.0,
      "noise_ratio": 0.0,
      "n_clusters": 487,
      "effective_ports": 104,
      "largest_cluster_points": 17616,
      "largest_cluster_share": 0.20259686490092121,
      "mean_cluster_points": 178.5441478439425,
      "median_cluster_points": 22.0,
      "edge_count": 1064,
      "transition_count": 6380,
      "score": 0.7370578789146576,
      "rss_mb": 526.3203125
    },
    {
      "trial": 243,
      "k": 1400,
      "r": 1e-05,
      "neighbor_mode": "4",
      "min_dense_points": null,
      "runtime_sec": 0.026150699995923787,
      "total_points": 86951,
      "coverage_ratio": 1.0,
      "noise_ratio": 0.0,
      "n_clusters": 487,
      "effective_ports": 104,
      "largest_cluster_points": 17616,
      "largest_cluster_share": 0.20259686490092121,
      "mean_cluster_points": 178.5441478439425,
      "median_cluster_points": 22.0,
      "edge_count": 1064,
      "transition_count": 6380,
      "score": 0.7370380367529688,
      "rss_mb": 525.3828125
    },
    {
      "trial": 245,
      "k": 1400,
      "r": 2e-05,
      "neighbor_mode": "4",
      "min_dense_points": null,
      "runtime_sec": 0.027118400001199916,
      "total_points": 86951,
      "coverage_ratio": 0.9990569401156973,
      "noise_ratio": 0.000943059884302655,
      "n_clusters": 464,
      "effective_ports": 103,
      "largest_cluster_points": 17616,
      "largest_cluster_share": 0.2027881062289194,
      "mean_cluster_points": 187.2176724137931,
      "median_cluster_points": 25.0,
      "edge_count": 1025,
      "transition_count": 6377,
      "score": 0.7356050176863874,
      "rss_mb": 526.0625
    },
    {
      "trial": 247,
      "k": 1400,
      "r": 3e-05,
      "neighbor_mode": "4",
      "min_dense_points": null,
      "runtime_sec": 0.026781799999298528,
      "total_points": 86951,
      "coverage_ratio": 0.9976768524801325,
      "noise_ratio": 0.0023231475198675078,
      "n_clusters": 437,
      "effective_ports": 102,
      "largest_cluster_points": 17616,
      "largest_cluster_share": 0.2030686232694325,
      "mean_cluster_points": 198.51029748283753,
      "median_cluster_points": 28.0,
      "edge_count": 996,
      "transition_count": 6321,
      "score": 0.7341111953175324,
      "rss_mb": 527.44921875
    },
    {
      "trial": 249,
      "k": 1400,
      "r": 5e-05,
      "neighbor_mode": "4",
      "min_dense_points": null,
      "runtime_sec": 0.02512500001466833,
      "total_points": 86951,
      "coverage_ratio": 0.9941806304700348,
      "noise_ratio": 0.0058193695299652015,
      "n_clusters": 401,
      "effective_ports": 101,
      "largest_cluster_points": 17616,
      "largest_cluster_share": 0.20378275203886864,
      "mean_cluster_points": 215.57356608478804,
      "median_cluster_points": 34.0,
      "edge_count": 931,
      "transition_count": 6238,
      "score": 0.7320687863949891,
      "rss_mb": 528.05859375
    },
    {
      "trial": 251,
      "k": 1400,
      "r": 8e-05,
      "neighbor_mode": "4",
      "min_dense_points": null,
      "runtime_sec": 0.025699299992993474,
      "total_points": 86951,
      "coverage_ratio": 0.9899828639118584,
      "noise_ratio": 0.010017136088141587,
      "n_clusters": 370,
      "effective_ports": 101,
      "largest_cluster_points": 17616,
      "largest_cluster_share": 0.20464684014869888,
      "mean_cluster_points": 232.64864864864865,
      "median_cluster_points": 37.0,
      "edge_count": 819,
      "transition_count": 5860,
      "score": 0.7308192177484704,
      "rss_mb": 528.76171875
    },
    {
      "trial": 244,
      "k": 1400,
      "r": 1e-05,
      "neighbor_mode": "8",
      "min_dense_points": null,
      "runtime_sec": 0.02735509999911301,
      "total_points": 86951,
      "coverage_ratio": 1.0,
      "noise_ratio": 0.0,
      "n_clusters": 433,
      "effective_ports": 98,
      "largest_cluster_points": 17616,
      "largest_cluster_share": 0.20259686490092121,
      "mean_cluster_points": 200.810623556582,
      "median_cluster_points": 23.0,
      "edge_count": 975,
      "transition_count": 5843,
      "score": 0.7303686199734222,
      "rss_mb": 525.27734375
    },
    {
      "trial": 242,
      "k": 1400,
      "r": 5e-06,
      "neighbor_mode": "8",
      "min_dense_points": null,
      "runtime_sec": 0.028412400017259642,
      "total_points": 86951,
      "coverage_ratio": 1.0,
      "noise_ratio": 0.0,
      "n_clusters": 433,
      "effective_ports": 98,
      "largest_cluster_points": 17616,
      "largest_cluster_share": 0.20259686490092121,
      "mean_cluster_points": 200.810623556582,
      "median_cluster_points": 23.0,
      "edge_count": 975,
      "transition_count": 5843,
      "score": 0.7303185842298294,
      "rss_mb": 525.32421875
    },
    {
      "trial": 229,
      "k": 1000,
      "r": 0.0001,
      "neighbor_mode": "4",
      "min_dense_points": null,
      "runtime_sec": 0.02586460000020452,
      "total_points": 86951,
      "coverage_ratio": 0.9891433106002231,
      "noise_ratio": 0.010856689399776909,
      "n_clusters": 287,
      "effective_ports": 100,
      "largest_cluster_points": 17616,
      "largest_cluster_share": 0.20482053786319718,
      "mean_cluster_points": 299.6759581881533,
      "median_cluster_points": 45.0,
      "edge_count": 706,
      "transition_count": 5318,
      "score": 0.7294669136716413,
      "rss_mb": 526.05078125
    },
    {
      "trial": 246,
      "k": 1400,
      "r": 2e-05,
      "neighbor_mode": "8",
      "min_dense_points": null,
      "runtime_sec": 0.026619200012646616,
      "total_points": 86951,
      "coverage_ratio": 0.9990569401156973,
      "noise_ratio": 0.000943059884302655,
      "n_clusters": 411,
      "effective_ports": 97,
      "largest_cluster_points": 17616,
      "largest_cluster_share": 0.2027881062289194,
      "mean_cluster_points": 211.36009732360097,
      "median_cluster_points": 25.0,
      "edge_count": 923,
      "transition_count": 5808,
      "score": 0.729042790889397,
      "rss_mb": 527.421875
    }
  ]
}