{
  "generated_at_epoch": 1771767786.8663676,
  "n_trials": 264,
  "best_trial": {
    "trial": 243,
    "k": 1400,
    "r": 1e-05,
    "neighbor_mode": "4",
    "min_dense_points": null,
    "runtime_sec": 0.021110699977725744,
    "total_points": 35881,
    "coverage_ratio": 1.0,
    "noise_ratio": 0.0,
    "n_clusters": 650,
    "effective_ports": 79,
    "largest_cluster_points": 1757,
    "largest_cluster_share": 0.04896742008305231,
    "mean_cluster_points": 55.20153846153846,
    "median_cluster_points": 14.0,
    "edge_count": 1654,
    "transition_count": 6210,
    "score": 0.9891728033811131,
    "rss_mb": 357.89453125
  },
  "top_10": [
    {
      "trial": 243,
      "k": 1400,
      "r": 1e-05,
      "neighbor_mode": "4",
      "min_dense_points": null,
      "runtime_sec": 0.021110699977725744,
      "total_points": 35881,
      "coverage_ratio": 1.0,
      "noise_ratio": 0.0,
      "n_clusters": 650,
      "effective_ports": 79,
      "largest_cluster_points": 1757,
      "largest_cluster_share": 0.04896742008305231,
      "mean_cluster_points": 55.20153846153846,
      "median_cluster_points": 14.0,
      "edge_count": 1654,
      "transition_count": 6210,
      "score": 0.9891728033811131,
      "rss_mb": 357.89453125
    },
    {
      "trial": 241,
      "k": 1400,
      "r": 5e-06,
      "neighbor_mode": "4",
      "min_dense_points": null,
      "runtime_sec": 0.021303699992131442,
      "total_points": 35881,
      "coverage_ratio": 1.0,
      "noise_ratio": 0.0,
      "n_clusters": 650,
      "effective_ports": 79,
      "largest_cluster_points": 1757,
      "largest_cluster_share": 0.04896742008305231,
      "mean_cluster_points": 55.20153846153846,
      "median_cluster_points": 14.0,
      "edge_count": 1654,
      "transition_count": 6210,
      "score": 0.9891635500178155,
      "rss_mb": 357.828125
    },
    {
      "trial": 245,
      "k": 1400,
      "r": 2e-05,
      "neighbor_mode": "4",
      "min_dense_points": null,
      "runtime_sec": 0.022314000001642853,
      "total_points": 35881,
      "coverage_ratio": 1.0,
      "noise_ratio": 0.0,
      "n_clusters": 650,
      "effective_ports": 79,
      "largest_cluster_points": 1757,
      "largest_cluster_share": 0.04896742008305231,
      "mean_cluster_points": 55.20153846153846,
      "median_cluster_points": 14.0,
      "edge_count": 1654,
      "transition_count": 6210,
      "score": 0.9891151683151777,
      "rss_mb": 357.90234375
    },
    {
      "trial": 247,
      "k": 1400,
      "r": 3e-05,
      "neighbor_mode": "4",
      "min_dense_points": null,
      "runtime_sec": 0.01962219999404624,
      "total_points": 35881,
      "coverage_ratio": 0.9960703436359076,
      "noise_ratio": 0.003929656364092371,
      "n_clusters": 620,
      "effective_ports": 78,
      "largest_cluster_points": 1757,
      "largest_cluster_share": 0.0491606043648573,
      "mean_cluster_points": 57.645161290322584,
      "median_cluster_points": 16.0,
      "edge_count": 1586,
      "transition_count": 6121,
      "score": 0.9882232360852157,
      "rss_mb": 356.81640625
    },
    {
      "trial": 249,
      "k": 1400,
      "r": 5e-05,
      "neighbor_mode": "4",
      "min_dense_points": null,
      "runtime_sec": 0.019856699975207448,
      "total_points": 35881,
      "coverage_ratio": 0.9960703436359076,
      "noise_ratio": 0.003929656364092371,
      "n_clusters": 620,
      "effective_ports": 78,
      "largest_cluster_points": 1757,
      "largest_cluster_share": 0.0491606043648573,
      "mean_cluster_points": 57.645161290322584,
      "median_cluster_points": 16.0,
      "edge_count": 1586,
      "transition_count": 6121,
      "score": 0.9882119606223124,
      "rss_mb": 356.81640625
    },
    {
      "trial": 251,
      "k": 1400,
      "r": 8e-05,
      "neighbor_mode": "4",
      "min_dense_points": null,
      "runtime_sec": 0.02108629996655509,
      "total_points": 35881,
      "coverage_ratio": 0.9897160056854603,
      "noise_ratio": 0.010283994314539746,
      "n_clusters": 584,
      "effective_ports": 76,
      "largest_cluster_points": 1755,
      "largest_cluster_share": 0.04941991439513404,
      "mean_cluster_points": 60.80821917808219,
      "median_cluster_points": 18.0,
      "edge_count": 1522,
      "transition_count": 6065,
      "score": 0.9865124760448408,
      "rss_mb": 356.8125
    },
    {
      "trial": 253,
      "k": 1400,
      "r": 0.0001,
      "neighbor_mode": "4",
      "min_dense_points": null,
      "runtime_sec": 0.02169380005216226,
      "total_points": 35881,
      "coverage_ratio": 0.9830272288955157,
      "noise_ratio": 0.016972771104484252,
      "n_clusters": 552,
      "effective_ports": 76,
      "largest_cluster_points": 1755,
      "largest_cluster_share": 0.04975618053980495,
      "mean_cluster_points": 63.89855072463768,
      "median_cluster_points": 19.5,
      "edge_count": 1458,
      "transition_count": 5859,
      "score": 0.9847439125225579,
      "rss_mb": 356.8203125
    },
    {
      "trial": 221,
      "k": 1000,
      "r": 2e-05,
      "neighbor_mode": "4",
      "min_dense_points": null,
      "runtime_sec": 0.01844600000185892,
      "total_points": 35881,
      "coverage_ratio": 1.0,
      "noise_ratio": 0.0,
      "n_clusters": 547,
      "effective_ports": 74,
      "largest_cluster_points": 2675,
      "largest_cluster_share": 0.07455199130459017,
      "mean_cluster_points": 65.59597806215722,
      "median_cluster_points": 14.0,
      "edge_count": 1395,
      "transition_count": 5741,
      "score": 0.9841840063515098,
      "rss_mb": 357.44921875
    },
    {
      "trial": 219,
      "k": 1000,
      "r": 1e-05,
      "neighbor_mode": "4",
      "min_dense_points": null,
      "runtime_sec": 0.019003699999302626,
      "total_points": 35881,
      "coverage_ratio": 1.0,
      "noise_ratio": 0.0,
      "n_clusters": 547,
      "effective_ports": 74,
      "largest_cluster_points": 2675,
      "largest_cluster_share": 0.07455199130459017,
      "mean_cluster_points": 65.59597806215722,
      "median_cluster_points": 14.0,
      "edge_count": 1395,
      "transition_count": 5741,
      "score": 0.9841571370189187,
      "rss_mb": 357.33203125
    },
    {
      "trial": 217,
      "k": 1000,
      "r": 5e-06,
      "neighbor_mode": "4",
      "min_dense_points": null,
      "runtime_sec": 0.026228100003208965,
      "total_points": 35881,
      "coverage_ratio": 1.0,
      "noise_ratio": 0.0,
      "n_clusters": 547,
      "effective_ports": 74,
      "largest_cluster_points": 2675,
      "largest_cluster_share": 0.07455199130459017,
      "mean_cluster_points": 65.59597806215722,
      "median_cluster_points": 14.0,
      "edge_count": 1395,
      "transition_count": 5741,
      "score": 0.9838117133240636,
      "rss_mb": 356.8203125
    }
  ]
}