{
  "generated_at_epoch": 1771770216.123912,
  "n_trials": 264,
  "best_trial": {
    "trial": 241,
    "k": 1400,
    "r": 5e-06,
    "neighbor_mode": "4",
    "min_dense_points": null,
    "runtime_sec": 0.013153100037015975,
    "total_points": 20014,
    "coverage_ratio": 1.0,
    "noise_ratio": 0.0,
    "n_clusters": 301,
    "effective_ports": 35,
    "largest_cluster_points": 2114,
    "largest_cluster_share": 0.10562606175677026,
    "mean_cluster_points": 66.49169435215947,
    "median_cluster_points": 18.0,
    "edge_count": 557,
    "transition_count": 2006,
    "score": 0.9782256705489433,
    "rss_mb": 317.24609375
  },
  "top_10": [
    {
      "trial": 241,
      "k": 1400,
      "r": 5e-06,
      "neighbor_mode": "4",
      "min_dense_points": null,
      "runtime_sec": 0.013153100037015975,
      "total_points": 20014,
      "coverage_ratio": 1.0,
      "noise_ratio": 0.0,
      "n_clusters": 301,
      "effective_ports": 35,
      "largest_cluster_points": 2114,
      "largest_cluster_share": 0.10562606175677026,
      "mean_cluster_points": 66.49169435215947,
      "median_cluster_points": 18.0,
      "edge_count": 557,
      "transition_count": 2006,
      "score": 0.9782256705489433,
      "rss_mb": 317.24609375
    },
    {
      "trial": 243,
      "k": 1400,
      "r": 1e-05,
      "neighbor_mode": "4",
      "min_dense_points": null,
      "runtime_sec": 0.013821600005030632,
      "total_points": 20014,
      "coverage_ratio": 1.0,
      "noise_ratio": 0.0,
      "n_clusters": 301,
      "effective_ports": 35,
      "largest_cluster_points": 2114,
      "largest_cluster_share": 0.10562606175677026,
      "mean_cluster_points": 66.49169435215947,
      "median_cluster_points": 18.0,
      "edge_count": 557,
      "transition_count": 2006,
      "score": 0.9781931292580098,
      "rss_mb": 317.24609375
    },
    {
      "trial": 247,
      "k": 1400,
      "r": 3e-05,
      "neighbor_mode": "4",
      "min_dense_points": null,
      "runtime_sec": 0.014625200012233108,
      "total_points": 20014,
      "coverage_ratio": 1.0,
      "noise_ratio": 0.0,
      "n_clusters": 301,
      "effective_ports": 35,
      "largest_cluster_points": 2114,
      "largest_cluster_share": 0.10562606175677026,
      "mean_cluster_points": 66.49169435215947,
      "median_cluster_points": 18.0,
      "edge_count": 557,
      "transition_count": 2006,
      "score": 0.9781540683124784,
      "rss_mb": 317.24609375
    },
    {
      "trial": 245,
      "k": 1400,
      "r": 2e-05,
      "neighbor_mode": "4",
      "min_dense_points": null,
      "runtime_sec": 0.01649479998741299,
      "total_points": 20014,
      "coverage_ratio": 1.0,
      "noise_ratio": 0.0,
      "n_clusters": 301,
      "effective_ports": 35,
      "largest_cluster_points": 2114,
      "largest_cluster_share": 0.10562606175677026,
      "mean_cluster_points": 66.49169435215947,
      "median_cluster_points": 18.0,
      "edge_count": 557,
      "transition_count": 2006,
      "score": 0.9780634308179166,
      "rss_mb": 317.24609375
    },
    {
      "trial": 217,
      "k": 1000,
      "r": 5e-06,
      "neighbor_mode": "4",
      "min_dense_points": null,
      "runtime_sec": 0.013109399995300919,
      "total_points": 20014,
      "coverage_ratio": 1.0,
      "noise_ratio": 0.0,
      "n_clusters": 264,
      "effective_ports": 34,
      "largest_cluster_points": 2142,
      "largest_cluster_share": 0.10702508244229039,
      "mean_cluster_points": 75.81060606060606,
      "median_cluster_points": 20.0,
      "edge_count": 479,
      "transition_count": 1841,
      "score": 0.9779479951411171,
      "rss_mb": 317.1484375
    },
    {
      "trial": 221,
      "k": 1000,
      "r": 2e-05,
      "neighbor_mode": "4",
      "min_dense_points": null,
      "runtime_sec": 0.013471600017510355,
      "total_points": 20014,
      "coverage_ratio": 1.0,
      "noise_ratio": 0.0,
      "n_clusters": 264,
      "effective_ports": 34,
      "largest_cluster_points": 2142,
      "largest_cluster_share": 0.10702508244229039,
      "mean_cluster_points": 75.81060606060606,
      "median_cluster_points": 20.0,
      "edge_count": 479,
      "transition_count": 1841,
      "score": 0.9779303570919522,
      "rss_mb": 317.18359375
    },
    {
      "trial": 219,
      "k": 1000,
      "r": 1e-05,
      "neighbor_mode": "4",
      "min_dense_points": null,
      "runtime_sec": 0.014309999998658895,
      "total_points": 20014,
      "coverage_ratio": 1.0,
      "noise_ratio": 0.0,
      "n_clusters": 264,
      "effective_ports": 34,
      "largest_cluster_points": 2142,
      "largest_cluster_share": 0.10702508244229039,
      "mean_cluster_points": 75.81060606060606,
      "median_cluster_points": 20.0,
      "edge_count": 479,
      "transition_count": 1841,
      "score": 0.9778895778663901,
      "rss_mb": 317.18359375
    },
    {
      "trial": 246,
      "k": 1400,
      "r": 2e-05,
      "neighbor_mode": "8",
      "min_dense_points": null,
      "runtime_sec": 0.015216500032693148,
      "total_points": 20014,
      "coverage_ratio": 1.0,
      "noise_ratio": 0.0,
      "n_clusters": 264,
      "effective_ports": 34,
      "largest_cluster_points": 2140,
      "largest_cluster_share": 0.10692515239332467,
      "mean_cluster_points": 75.81060606060606,
      "median_cluster_points": 20.0,
      "edge_count": 509,
      "transition_count": 1947,
      "score": 0.9778655480909207,
      "rss_mb": 317.24609375
    },
    {
      "trial": 248,
      "k": 1400,
      "r": 3e-05,
      "neighbor_mode": "8",
      "min_dense_points": null,
      "runtime_sec": 0.017083999991882592,
      "total_points": 20014,
      "coverage_ratio": 1.0,
      "noise_ratio": 0.0,
      "n_clusters": 264,
      "effective_ports": 34,
      "largest_cluster_points": 2140,
      "largest_cluster_share": 0.10692515239332467,
      "mean_cluster_points": 75.81060606060606,
      "median_cluster_points": 20.0,
      "edge_count": 509,
      "transition_count": 1947,
      "score": 0.9777751175527651,
      "rss_mb": 317.24609375
    },
    {
      "trial": 244,
      "k": 1400,
      "r": 1e-05,
      "neighbor_mode": "8",
      "min_dense_points": null,
      "runtime_sec": 0.01709189999382943,
      "total_points": 20014,
      "coverage_ratio": 1.0,
      "noise_ratio": 0.0,
      "n_clusters": 264,
      "effective_ports": 34,
      "largest_cluster_points": 2140,
      "largest_cluster_share": 0.10692515239332467,
      "mean_cluster_points": 75.81060606060606,
      "median_cluster_points": 20.0,
      "edge_count": 509,
      "transition_count": 1947,
      "score": 0.9777747357138525,
      "rss_mb": 317.24609375
    }
  ]
}